"","DMA","scores","sd","count","Region","date"
"1",501,0.53,1.31,19,"New York, NY","Tue Jun 30 23:12:50 2015"
"2",504,-1.83,2.86,6,"Philadelphia, PA","Tue Jun 30 23:12:50 2015"
"3",505,-0.22,0.67,9,"Detroit, MI","Tue Jun 30 23:12:50 2015"
"4",506,0.8,2.28,5,"Boston, MA-Manchester, NH","Tue Jun 30 23:12:50 2015"
"5",507,-0.5,0.71,2,"Savannah, GA","Tue Jun 30 23:12:50 2015"
"6",508,0,0,2,"Pittsburgh, PA","Tue Jun 30 23:12:50 2015"
"7",509,-1,1.41,2,"Ft. Wayne, IN","Tue Jun 30 23:12:50 2015"
"8",510,-0.44,1.74,9,"Cleveland-Akron (Canton), OH","Tue Jun 30 23:12:50 2015"
"9",511,-0.17,0.98,6,"Washington, DC (Hagerstown, MD)","Tue Jun 30 23:12:50 2015"
"10",512,0.2,0.45,5,"Baltimore, MD","Tue Jun 30 23:12:50 2015"
"11",513,0.5,0.71,2,"Flint-Saginaw-Bay City, MI","Tue Jun 30 23:12:50 2015"
"12",514,-1,2,4,"Buffalo, NY","Tue Jun 30 23:12:50 2015"
"13",515,2,4.69,4,"Cincinnati, OH","Tue Jun 30 23:12:50 2015"
"14",517,-1,2,4,"Charlotte, NC","Tue Jun 30 23:12:50 2015"
"15",520,0,NA,1,"Augusta, GA","Tue Jun 30 23:12:50 2015"
"16",521,0,NA,1,"Providence, RI-New Bedford, MA","Tue Jun 30 23:12:50 2015"
"17",522,-0.4,0.89,5,"Columbus, GA","Tue Jun 30 23:12:50 2015"
"18",524,-2,4.07,12,"Atlanta, GA","Tue Jun 30 23:12:50 2015"
"19",525,-2.5,0.71,2,"Albany, GA","Tue Jun 30 23:12:50 2015"
"20",527,-1.33,2.31,3,"Indianapolis, IN","Tue Jun 30 23:12:50 2015"
"21",528,0.4,1.14,5,"Miami-Ft. Lauderdale, FL","Tue Jun 30 23:12:50 2015"
"22",529,0.33,0.58,3,"Louisville, KY","Tue Jun 30 23:12:50 2015"
"23",530,0,NA,1,"Tallahassee, FL-Thomasville, GA","Tue Jun 30 23:12:50 2015"
"24",533,-0.33,0.58,3,"Hartford & New Haven, CT","Tue Jun 30 23:12:50 2015"
"25",534,-2,3.46,3,"Orlando-Daytona Beach-Melbourne, FL","Tue Jun 30 23:12:50 2015"
"26",535,0.17,0.41,6,"Columbus, OH","Tue Jun 30 23:12:50 2015"
"27",536,0,NA,1,"Youngstown, OH","Tue Jun 30 23:12:50 2015"
"28",539,-0.5,1,4,"Tampa-St Petersburg (Sarasota), FL","Tue Jun 30 23:12:50 2015"
"29",542,0,0,5,"Dayton, OH","Tue Jun 30 23:12:50 2015"
"30",544,0.38,1.06,8,"Norfolk-Portsmouth-Newport News,VA","Tue Jun 30 23:12:50 2015"
"31",545,0,NA,1,"Greenville-New Bern-Washington, NC","Tue Jun 30 23:12:50 2015"
"32",547,0.75,1.5,4,"Toledo, OH","Tue Jun 30 23:12:50 2015"
"33",548,1.33,2.89,3,"West Palm Beach-Ft. Pierce, FL","Tue Jun 30 23:12:50 2015"
"34",555,0,NA,1,"Syracuse, NY","Tue Jun 30 23:12:50 2015"
"35",556,2,NA,1,"Richmond-Petersburg, VA","Tue Jun 30 23:12:50 2015"
"36",560,0,0,2,"Raleigh-Durham (Fayetteville), NC","Tue Jun 30 23:12:50 2015"
"37",563,0.5,0.71,2,"Grand Rapids-Kalamazoo-Battle Creek, MI","Tue Jun 30 23:12:50 2015"
"38",564,3,NA,1,"Charleston-Huntington, WV","Tue Jun 30 23:12:50 2015"
"39",566,0,0,2,"Harrisburg-Lancaster-Lebanon-York, PA","Tue Jun 30 23:12:50 2015"
"40",567,0,NA,1,"Greenville-Spartanburg, SC-Asheville, NC-Anderson, SC","Tue Jun 30 23:12:50 2015"
"41",570,2,NA,1,"Florence-Myrtle Beach, SC","Tue Jun 30 23:12:50 2015"
"42",573,-2.67,2.31,3,"Roanoke-Lynchburg, VA","Tue Jun 30 23:12:50 2015"
"43",577,3,NA,1,"Wilkes Barre-Scranton, PA","Tue Jun 30 23:12:50 2015"
"44",600,3,5.2,3,"Corpus Christi, TX","Tue Jun 30 23:12:50 2015"
"45",602,-0.14,2.26,29,"Chicago, IL","Tue Jun 30 23:12:50 2015"
"46",603,1,NA,1,"Joplin, MO-Pittsburg, KS","Tue Jun 30 23:12:50 2015"
"47",609,0,NA,1,"St. Louis, MO","Tue Jun 30 23:12:50 2015"
"48",611,0,NA,1,"Rochester, MN-Mason City, IA-Austin, MN","Tue Jun 30 23:12:50 2015"
"49",613,1,1.41,7,"Minneapolis-St. Paul, MN","Tue Jun 30 23:12:50 2015"
"50",616,0.5,1,4,"Kansas City, MO","Tue Jun 30 23:12:50 2015"
"51",617,1.8,4.02,5,"Milwaukee, WI","Tue Jun 30 23:12:50 2015"
"52",618,-0.33,2.47,30,"Houston, TX","Tue Jun 30 23:12:50 2015"
"53",619,-1,NA,1,"Springfield, MO","Tue Jun 30 23:12:50 2015"
"54",622,-0.5,1.27,10,"New Orleans, LA","Tue Jun 30 23:12:50 2015"
"55",623,0.41,1.97,34,"Dallas-Ft. Worth, TX","Tue Jun 30 23:12:50 2015"
"56",628,0.33,2.52,3,"Monroe, LA-El Dorado, AR","Tue Jun 30 23:12:50 2015"
"57",630,0,NA,1,"Birmingham, AL","Tue Jun 30 23:12:50 2015"
"58",634,2,NA,1,"Amarillo, TX","Tue Jun 30 23:12:50 2015"
"59",635,-1.17,2.86,6,"Austin, TX","Tue Jun 30 23:12:50 2015"
"60",636,-1,2.24,5,"Harlingen-Weslaco-Brownsville-McAllen, TX","Tue Jun 30 23:12:50 2015"
"61",639,-2,NA,1,"Jackson, TN","Tue Jun 30 23:12:50 2015"
"62",640,-2,3.46,3,"Memphis, TN","Tue Jun 30 23:12:50 2015"
"63",641,0.09,1.87,11,"San Antonio, TX","Tue Jun 30 23:12:50 2015"
"64",642,2,3.46,3,"Lafayette, LA","Tue Jun 30 23:12:50 2015"
"65",649,1,1.41,2,"Evansville, IN","Tue Jun 30 23:12:50 2015"
"66",650,0.67,1.15,3,"Oklahoma City, OK","Tue Jun 30 23:12:50 2015"
"67",652,2,2.83,2,"Omaha, NE","Tue Jun 30 23:12:50 2015"
"68",656,-3,2.83,2,"Panama City, FL","Tue Jun 30 23:12:50 2015"
"69",659,-0.29,1.8,7,"Nashville, TN","Tue Jun 30 23:12:50 2015"
"70",661,0,NA,1,"San Angelo, TX","Tue Jun 30 23:12:50 2015"
"71",662,0,NA,1,"Abilene-Sweetwater, TX","Tue Jun 30 23:12:50 2015"
"72",669,3,NA,1,"Madison, WI","Tue Jun 30 23:12:50 2015"
"73",671,0,0,4,"Tulsa, OK","Tue Jun 30 23:12:50 2015"
"74",673,2,NA,1,"Columbus-Tupelo-West Point, MS","Tue Jun 30 23:12:50 2015"
"75",678,0,0,3,"Wichita-Hutchinson, KS","Tue Jun 30 23:12:50 2015"
"76",682,0,0,2,"Davenport,IA-Rock Island-Moline,IL","Tue Jun 30 23:12:50 2015"
"77",686,1,1.41,2,"Mobile, AL-Pensacola (Ft. Walton Beach), FL","Tue Jun 30 23:12:50 2015"
"78",692,-7,NA,1,"Beaumont-Port Arthur, TX","Tue Jun 30 23:12:50 2015"
"79",693,-1,5.57,3,"Little Rock-Pine Bluff, AR","Tue Jun 30 23:12:50 2015"
"80",698,0,0,2,"Montgomery (Selma), AL","Tue Jun 30 23:12:50 2015"
"81",716,1.67,3.51,3,"Baton Rouge, LA","Tue Jun 30 23:12:50 2015"
"82",718,-1.5,4.95,2,"Jackson, MS","Tue Jun 30 23:12:50 2015"
"83",722,3,NA,1,"Lincoln & Hastings-Kearney, NE","Tue Jun 30 23:12:50 2015"
"84",749,-5,NA,1,"Laredo, TX","Tue Jun 30 23:12:50 2015"
"85",751,-0.4,3.58,5,"Denver, CO","Tue Jun 30 23:12:50 2015"
"86",753,-0.09,1.7,23,"Phoenix, AZ","Tue Jun 30 23:12:50 2015"
"87",757,0,NA,1,"Boise, ID","Tue Jun 30 23:12:50 2015"
"88",765,-1.5,2.12,2,"El Paso, TX","Tue Jun 30 23:12:50 2015"
"89",770,0,1.7,10,"Salt Lake City, UT","Tue Jun 30 23:12:50 2015"
"90",771,1.33,2.42,6,"Yuma, AZ-El Centro, CA","Tue Jun 30 23:12:50 2015"
"91",789,-0.86,1.57,7,"Tucson (Sierra Vista), AZ","Tue Jun 30 23:12:50 2015"
"92",790,1,1.73,3,"Albuquerque-Santa Fe, NM","Tue Jun 30 23:12:50 2015"
"93",800,1,3.37,7,"Bakersfield, CA","Tue Jun 30 23:12:50 2015"
"94",801,2,NA,1,"Eugene, OR","Tue Jun 30 23:12:50 2015"
"95",803,-0.21,1.79,102,"Los Angeles, CA","Tue Jun 30 23:12:50 2015"
"96",804,0.33,0.58,3,"Palm Springs, CA","Tue Jun 30 23:12:50 2015"
"97",807,-0.47,1.61,19,"San Francisco-Oakland-San Jose, CA","Tue Jun 30 23:12:50 2015"
"98",810,1,NA,1,"Yakima-Pasco-Richland-Kennewick, WA","Tue Jun 30 23:12:50 2015"
"99",811,3,NA,1,"Reno, NV","Tue Jun 30 23:12:50 2015"
"100",813,0,NA,1,"Medford-Klamath Falls, OR","Tue Jun 30 23:12:50 2015"
"101",819,0.5,1.74,14,"Seattle-Tacoma, WA","Tue Jun 30 23:12:50 2015"
"102",820,0.18,1.17,11,"Portland, OR","Tue Jun 30 23:12:50 2015"
"103",825,1.7,3.16,10,"San Diego, CA","Tue Jun 30 23:12:50 2015"
"104",828,-2,1.41,4,"Monterey-Salinas, CA","Tue Jun 30 23:12:50 2015"
"105",839,-1.62,5.55,8,"Las Vegas, NV","Tue Jun 30 23:12:50 2015"
"106",855,-0.5,0.71,2,"Santa Barbara-Santa Maria-San Luis Obispo, CA","Tue Jun 30 23:12:50 2015"
"107",862,-0.07,2.62,14,"Sacramento-Stockton-Modesto, CA","Tue Jun 30 23:12:50 2015"
"108",866,0.64,1.96,11,"Fresno-Visalia, CA","Tue Jun 30 23:12:50 2015"
"109",868,1,1.73,3,"Chico-Redding, CA","Tue Jun 30 23:12:50 2015"
"110",881,0,NA,1,"Spokane, WA","Tue Jun 30 23:12:50 2015"
"","DMA","scores","sd","count","Region","date"
"1",501,-1,1.41,2,"New York, NY","Tue Jun 30 23:15:36 2015"
"2",504,0,0,2,"Philadelphia, PA","Tue Jun 30 23:15:36 2015"
"3",508,0,NA,1,"Pittsburgh, PA","Tue Jun 30 23:15:36 2015"
"4",510,3,NA,1,"Cleveland-Akron (Canton), OH","Tue Jun 30 23:15:36 2015"
"5",511,1,1.41,2,"Washington, DC (Hagerstown, MD)","Tue Jun 30 23:15:36 2015"
"6",520,2,NA,1,"Augusta, GA","Tue Jun 30 23:15:36 2015"
"7",528,3,4.24,2,"Miami-Ft. Lauderdale, FL","Tue Jun 30 23:15:36 2015"
"8",534,0,NA,1,"Orlando-Daytona Beach-Melbourne, FL","Tue Jun 30 23:15:36 2015"
"9",535,0,0,2,"Columbus, OH","Tue Jun 30 23:15:36 2015"
"10",542,0,NA,1,"Dayton, OH","Tue Jun 30 23:15:36 2015"
"11",544,1,1.41,2,"Norfolk-Portsmouth-Newport News,VA","Tue Jun 30 23:15:36 2015"
"12",564,0,NA,1,"Charleston-Huntington, WV","Tue Jun 30 23:15:36 2015"
"13",581,0,NA,1,"Terre Haute, IN","Tue Jun 30 23:15:36 2015"
"14",602,0,0,2,"Chicago, IL","Tue Jun 30 23:15:36 2015"
"15",609,0,NA,1,"St. Louis, MO","Tue Jun 30 23:15:36 2015"
"16",617,0,NA,1,"Milwaukee, WI","Tue Jun 30 23:15:36 2015"
"17",618,0,0,2,"Houston, TX","Tue Jun 30 23:15:36 2015"
"18",623,1.33,3.21,3,"Dallas-Ft. Worth, TX","Tue Jun 30 23:15:36 2015"
"19",630,4,NA,1,"Birmingham, AL","Tue Jun 30 23:15:36 2015"
"20",632,0,NA,1,"Paducah, KY-Cape Girardeau, MO-Harrisburg-Mount Vernon, IL","Tue Jun 30 23:15:36 2015"
"21",636,3,NA,1,"Harlingen-Weslaco-Brownsville-McAllen, TX","Tue Jun 30 23:15:36 2015"
"22",640,0,NA,1,"Memphis, TN","Tue Jun 30 23:15:36 2015"
"23",686,0,0,2,"Mobile, AL-Pensacola (Ft. Walton Beach), FL","Tue Jun 30 23:15:36 2015"
"24",693,2,NA,1,"Little Rock-Pine Bluff, AR","Tue Jun 30 23:15:36 2015"
"25",709,0,NA,1,"Tyler-Longview(Lufkin & Nacogdoches), TX","Tue Jun 30 23:15:36 2015"
"26",718,0,NA,1,"Jackson, MS","Tue Jun 30 23:15:36 2015"
"27",751,2,NA,1,"Denver, CO","Tue Jun 30 23:15:36 2015"
"28",753,3.5,0.71,2,"Phoenix, AZ","Tue Jun 30 23:15:36 2015"
"29",770,1,NA,1,"Salt Lake City, UT","Tue Jun 30 23:15:36 2015"
"30",789,-1,NA,1,"Tucson (Sierra Vista), AZ","Tue Jun 30 23:15:36 2015"
"31",802,0,NA,1,"Eureka, CA","Tue Jun 30 23:15:36 2015"
"32",803,0.43,1.13,7,"Los Angeles, CA","Tue Jun 30 23:15:36 2015"
"33",807,2.33,2.08,3,"San Francisco-Oakland-San Jose, CA","Tue Jun 30 23:15:36 2015"
"34",811,-1,1.41,2,"Reno, NV","Tue Jun 30 23:15:36 2015"
"35",819,-1,1.41,2,"Seattle-Tacoma, WA","Tue Jun 30 23:15:36 2015"
"36",825,-5,NA,1,"San Diego, CA","Tue Jun 30 23:15:36 2015"
"37",839,4,NA,1,"Las Vegas, NV","Tue Jun 30 23:15:36 2015"
"38",862,0,0,2,"Sacramento-Stockton-Modesto, CA","Tue Jun 30 23:15:36 2015"
"39",866,-6,NA,1,"Fresno-Visalia, CA","Tue Jun 30 23:15:36 2015"
"40",868,0,NA,1,"Chico-Redding, CA","Tue Jun 30 23:15:36 2015"
"","DMA","scores","sd","count","Region","date"
"1",500,0,NA,1,"Portland-Auburn, ME","Tue Jun 30 23:21:29 2015"
"2",501,0.17,1.95,154,"New York, NY","Tue Jun 30 23:21:29 2015"
"3",502,-3,NA,1,"Binghamton, NY","Tue Jun 30 23:21:29 2015"
"4",503,1.33,1.53,3,"Macon, GA","Tue Jun 30 23:21:29 2015"
"5",504,0.24,2.69,120,"Philadelphia, PA","Tue Jun 30 23:21:29 2015"
"6",505,-0.09,2.23,114,"Detroit, MI","Tue Jun 30 23:21:29 2015"
"7",506,0.35,2.35,40,"Boston, MA-Manchester, NH","Tue Jun 30 23:21:29 2015"
"8",507,-0.44,1.01,9,"Savannah, GA","Tue Jun 30 23:21:29 2015"
"9",508,0.64,1.55,14,"Pittsburgh, PA","Tue Jun 30 23:21:29 2015"
"10",509,0,0,4,"Ft. Wayne, IN","Tue Jun 30 23:21:29 2015"
"11",510,-0.24,2.59,118,"Cleveland-Akron (Canton), OH","Tue Jun 30 23:21:29 2015"
"12",511,0.18,3.43,49,"Washington, DC (Hagerstown, MD)","Tue Jun 30 23:21:29 2015"
"13",512,-0.32,2.72,41,"Baltimore, MD","Tue Jun 30 23:21:29 2015"
"14",513,0.2,2.53,10,"Flint-Saginaw-Bay City, MI","Tue Jun 30 23:21:29 2015"
"15",514,-0.45,1.74,40,"Buffalo, NY","Tue Jun 30 23:21:29 2015"
"16",515,-0.57,2.51,7,"Cincinnati, OH","Tue Jun 30 23:21:29 2015"
"17",516,0,0,2,"Erie, PA","Tue Jun 30 23:21:29 2015"
"18",517,0.23,1.33,31,"Charlotte, NC","Tue Jun 30 23:21:29 2015"
"19",518,-0.26,1.41,19,"Greensboro-High Point-Winston Salem, NC","Tue Jun 30 23:21:29 2015"
"20",519,0.5,2.03,14,"Charleston, SC","Tue Jun 30 23:21:29 2015"
"21",520,0.15,1.57,13,"Augusta, GA","Tue Jun 30 23:21:29 2015"
"22",521,-0.2,1.57,15,"Providence, RI-New Bedford, MA","Tue Jun 30 23:21:29 2015"
"23",522,0.32,2.17,22,"Columbus, GA","Tue Jun 30 23:21:29 2015"
"24",524,0.11,2.03,82,"Atlanta, GA","Tue Jun 30 23:21:29 2015"
"25",526,1,1.73,3,"Utica, NY","Tue Jun 30 23:21:29 2015"
"26",527,0.15,2.32,65,"Indianapolis, IN","Tue Jun 30 23:21:29 2015"
"27",528,-0.24,1.97,92,"Miami-Ft. Lauderdale, FL","Tue Jun 30 23:21:29 2015"
"28",529,-0.33,1.8,9,"Louisville, KY","Tue Jun 30 23:21:29 2015"
"29",530,0.11,0.78,9,"Tallahassee, FL-Thomasville, GA","Tue Jun 30 23:21:29 2015"
"30",531,0,NA,1,"Tri-Cities, TN-VA","Tue Jun 30 23:21:29 2015"
"31",532,3.5,3.54,2,"Albany-Schenectady-Troy, NY","Tue Jun 30 23:21:29 2015"
"32",533,-0.23,1.8,22,"Hartford & New Haven, CT","Tue Jun 30 23:21:29 2015"
"33",534,0,1.56,50,"Orlando-Daytona Beach-Melbourne, FL","Tue Jun 30 23:21:29 2015"
"34",535,-0.16,1.09,43,"Columbus, OH","Tue Jun 30 23:21:29 2015"
"35",536,0,1.67,6,"Youngstown, OH","Tue Jun 30 23:21:29 2015"
"36",539,0.42,1.44,24,"Tampa-St Petersburg (Sarasota), FL","Tue Jun 30 23:21:29 2015"
"37",540,-0.4,2.88,5,"Traverse City-Cadillac, MI","Tue Jun 30 23:21:29 2015"
"38",541,0,0,3,"Lexington, KY","Tue Jun 30 23:21:29 2015"
"39",542,-0.07,2.23,27,"Dayton, OH","Tue Jun 30 23:21:29 2015"
"40",543,-0.67,3.01,6,"Springfield-Holyoke, MA","Tue Jun 30 23:21:29 2015"
"41",544,-0.29,2.6,34,"Norfolk-Portsmouth-Newport News,VA","Tue Jun 30 23:21:29 2015"
"42",545,0,NA,1,"Greenville-New Bern-Washington, NC","Tue Jun 30 23:21:29 2015"
"43",546,-0.32,2.47,19,"Columbia, SC","Tue Jun 30 23:21:29 2015"
"44",547,0.12,1.21,32,"Toledo, OH","Tue Jun 30 23:21:29 2015"
"45",548,0.12,1.83,17,"West Palm Beach-Ft. Pierce, FL","Tue Jun 30 23:21:29 2015"
"46",551,1,2.91,10,"Lansing, MI","Tue Jun 30 23:21:29 2015"
"47",553,0,NA,1,"Marquette, MI","Tue Jun 30 23:21:29 2015"
"48",554,0,NA,1,"Wheeling, WV-Steubenville, OH","Tue Jun 30 23:21:29 2015"
"49",555,-1.5,2.12,2,"Syracuse, NY","Tue Jun 30 23:21:29 2015"
"50",556,0,NA,1,"Richmond-Petersburg, VA","Tue Jun 30 23:21:29 2015"
"51",557,0.23,1.36,13,"Knoxville, TN","Tue Jun 30 23:21:29 2015"
"52",558,3,4.24,2,"Lima, OH","Tue Jun 30 23:21:29 2015"
"53",560,-0.27,1.77,56,"Raleigh-Durham (Fayetteville), NC","Tue Jun 30 23:21:29 2015"
"54",561,0.25,0.5,4,"Jacksonville, FL","Tue Jun 30 23:21:29 2015"
"55",563,-0.26,1.85,19,"Grand Rapids-Kalamazoo-Battle Creek, MI","Tue Jun 30 23:21:29 2015"
"56",564,-1.78,2.73,9,"Charleston-Huntington, WV","Tue Jun 30 23:21:29 2015"
"57",565,3,NA,1,"Elmira, NY","Tue Jun 30 23:21:29 2015"
"58",566,0.1,1.73,10,"Harrisburg-Lancaster-Lebanon-York, PA","Tue Jun 30 23:21:29 2015"
"59",567,0,0,17,"Greenville-Spartanburg, SC-Asheville, NC-Anderson, SC","Tue Jun 30 23:21:29 2015"
"60",569,-1,NA,1,"Harrisonburg, VA","Tue Jun 30 23:21:29 2015"
"61",570,0,0,9,"Florence-Myrtle Beach, SC","Tue Jun 30 23:21:29 2015"
"62",571,0.25,0.5,4,"Ft. Myers-Naples, FL","Tue Jun 30 23:21:29 2015"
"63",573,-0.56,2.06,18,"Roanoke-Lynchburg, VA","Tue Jun 30 23:21:29 2015"
"64",574,-2.67,3.27,6,"Johnstown-Altoona, PA","Tue Jun 30 23:21:29 2015"
"65",575,1.43,1.81,7,"Chattanooga, TN","Tue Jun 30 23:21:29 2015"
"66",576,1,1.41,2,"Salisbury, MD","Tue Jun 30 23:21:29 2015"
"67",577,-0.33,0.58,3,"Wilkes Barre-Scranton, PA","Tue Jun 30 23:21:29 2015"
"68",581,0,0,2,"Terre Haute, IN","Tue Jun 30 23:21:29 2015"
"69",588,0.11,1.96,9,"South Bend-Elkhart, IN","Tue Jun 30 23:21:29 2015"
"70",592,0,0,4,"Gainesville, FL","Tue Jun 30 23:21:29 2015"
"71",597,0.5,1,4,"Parkersburg, WV","Tue Jun 30 23:21:29 2015"
"72",600,-0.04,2.63,53,"Corpus Christi, TX","Tue Jun 30 23:21:29 2015"
"73",602,-0.24,2.4,242,"Chicago, IL","Tue Jun 30 23:21:29 2015"
"74",603,-1.6,2.3,5,"Joplin, MO-Pittsburg, KS","Tue Jun 30 23:21:29 2015"
"75",604,3,NA,1,"Columbia-Jefferson City, MO","Tue Jun 30 23:21:29 2015"
"76",605,0.5,1.35,10,"Topeka, KS","Tue Jun 30 23:21:29 2015"
"77",606,4,NA,1,"Dothan, AL","Tue Jun 30 23:21:29 2015"
"78",609,0.54,1.84,28,"St. Louis, MO","Tue Jun 30 23:21:29 2015"
"79",610,-0.45,2.16,11,"Rockford, IL","Tue Jun 30 23:21:29 2015"
"80",612,0.5,1.89,18,"Shreveport, LA","Tue Jun 30 23:21:29 2015"
"81",613,-0.29,2.51,48,"Minneapolis-St. Paul, MN","Tue Jun 30 23:21:29 2015"
"82",616,-0.92,2.65,24,"Kansas City, MO","Tue Jun 30 23:21:29 2015"
"83",617,-0.02,1.72,54,"Milwaukee, WI","Tue Jun 30 23:21:29 2015"
"84",618,-0.08,2.34,305,"Houston, TX","Tue Jun 30 23:21:29 2015"
"85",619,1,1.41,2,"Springfield, MO","Tue Jun 30 23:21:29 2015"
"86",622,0.1,1.83,89,"New Orleans, LA","Tue Jun 30 23:21:29 2015"
"87",623,0,2.05,365,"Dallas-Ft. Worth, TX","Tue Jun 30 23:21:29 2015"
"88",624,1.4,1.95,5,"Sioux City, IA","Tue Jun 30 23:21:29 2015"
"89",625,0.09,1.96,32,"Waco-Temple-Bryan, TX","Tue Jun 30 23:21:29 2015"
"90",626,-2,NA,1,"Victoria, TX","Tue Jun 30 23:21:29 2015"
"91",627,-0.29,0.76,7,"Wichita Falls, TX & Lawton, OK","Tue Jun 30 23:21:29 2015"
"92",628,0.33,3.03,12,"Monroe, LA-El Dorado, AR","Tue Jun 30 23:21:29 2015"
"93",630,-0.33,2.13,49,"Birmingham, AL","Tue Jun 30 23:21:29 2015"
"94",632,-0.4,1.82,5,"Paducah, KY-Cape Girardeau, MO-Harrisburg-Mount Vernon, IL","Tue Jun 30 23:21:29 2015"
"95",633,0.5,1.22,6,"Odessa-Midland, TX","Tue Jun 30 23:21:29 2015"
"96",634,0,2.19,6,"Amarillo, TX","Tue Jun 30 23:21:29 2015"
"97",635,0.16,1.99,63,"Austin, TX","Tue Jun 30 23:21:29 2015"
"98",636,0.25,1.91,85,"Harlingen-Weslaco-Brownsville-McAllen, TX","Tue Jun 30 23:21:29 2015"
"99",637,0.86,1.21,7,"Cedar Rapids-Waterloo-Iowa City & Dubuque, IA","Tue Jun 30 23:21:29 2015"
"100",639,-0.2,0.45,5,"Jackson, TN","Tue Jun 30 23:21:29 2015"
"101",640,-0.11,2.54,36,"Memphis, TN","Tue Jun 30 23:21:29 2015"
"102",641,-0.33,2.37,129,"San Antonio, TX","Tue Jun 30 23:21:29 2015"
"103",642,-0.55,1.47,22,"Lafayette, LA","Tue Jun 30 23:21:29 2015"
"104",643,0,NA,1,"Lake Charles, LA","Tue Jun 30 23:21:29 2015"
"105",644,-0.17,2.23,6,"Alexandria, LA","Tue Jun 30 23:21:29 2015"
"106",648,1,1.6,8,"Champaign & Springfield-Decatur,IL","Tue Jun 30 23:21:29 2015"
"107",649,0,2,7,"Evansville, IN","Tue Jun 30 23:21:29 2015"
"108",650,0.22,1.95,51,"Oklahoma City, OK","Tue Jun 30 23:21:29 2015"
"109",651,0.55,1.37,11,"Lubbock, TX","Tue Jun 30 23:21:29 2015"
"110",652,-0.68,2.91,19,"Omaha, NE","Tue Jun 30 23:21:29 2015"
"111",656,0.5,1.22,6,"Panama City, FL","Tue Jun 30 23:21:29 2015"
"112",657,0.75,1.5,4,"Sherman, TX-Ada, OK","Tue Jun 30 23:21:29 2015"
"113",658,-0.12,1.64,8,"Green Bay-Appleton, WI","Tue Jun 30 23:21:29 2015"
"114",659,-0.94,3.51,49,"Nashville, TN","Tue Jun 30 23:21:29 2015"
"115",661,-0.25,0.5,4,"San Angelo, TX","Tue Jun 30 23:21:29 2015"
"116",662,0.33,2.52,3,"Abilene-Sweetwater, TX","Tue Jun 30 23:21:29 2015"
"117",669,1.5,3.39,6,"Madison, WI","Tue Jun 30 23:21:29 2015"
"118",670,0.5,0.71,2,"Ft. Smith-Fayetteville-Springdale-Rogers, AR","Tue Jun 30 23:21:29 2015"
"119",671,0.04,0.78,53,"Tulsa, OK","Tue Jun 30 23:21:29 2015"
"120",673,0,NA,1,"Columbus-Tupelo-West Point, MS","Tue Jun 30 23:21:29 2015"
"121",675,0.44,2.13,9,"Peoria-Bloomington, IL","Tue Jun 30 23:21:29 2015"
"122",676,-3,4.24,2,"Duluth, MN-Superior, WI","Tue Jun 30 23:21:29 2015"
"123",678,-0.52,1.48,25,"Wichita-Hutchinson, KS","Tue Jun 30 23:21:29 2015"
"124",679,-0.72,2.8,18,"Des Moines-Ames, IA","Tue Jun 30 23:21:29 2015"
"125",682,-0.5,1,12,"Davenport,IA-Rock Island-Moline,IL","Tue Jun 30 23:21:29 2015"
"126",686,-0.03,1.83,30,"Mobile, AL-Pensacola (Ft. Walton Beach), FL","Tue Jun 30 23:21:29 2015"
"127",687,-4,5.66,2,"Minot-Bismarck-Dickinson(Williston), ND","Tue Jun 30 23:21:29 2015"
"128",691,0.25,1.24,16,"Huntsville-Decatur (Florence), AL","Tue Jun 30 23:21:29 2015"
"129",692,-0.69,2.44,16,"Beaumont-Port Arthur, TX","Tue Jun 30 23:21:29 2015"
"130",693,-0.29,0.86,24,"Little Rock-Pine Bluff, AR","Tue Jun 30 23:21:29 2015"
"131",698,-0.21,1.89,14,"Montgomery (Selma), AL","Tue Jun 30 23:21:29 2015"
"132",709,0.08,0.67,12,"Tyler-Longview(Lufkin & Nacogdoches), TX","Tue Jun 30 23:21:29 2015"
"133",710,-5,5.29,3,"Hattiesburg-Laurel, MS","Tue Jun 30 23:21:29 2015"
"134",716,-0.42,3.74,26,"Baton Rouge, LA","Tue Jun 30 23:21:29 2015"
"135",717,0.5,0.71,2,"Quincy, IL-Hannibal, MO-Keokuk, IA","Tue Jun 30 23:21:29 2015"
"136",718,-1.64,3.34,14,"Jackson, MS","Tue Jun 30 23:21:29 2015"
"137",722,0.75,1.5,4,"Lincoln & Hastings-Kearney, NE","Tue Jun 30 23:21:29 2015"
"138",724,0.75,2.19,8,"Fargo-Valley City, ND","Tue Jun 30 23:21:29 2015"
"139",725,0,NA,1,"Sioux Falls(Mitchell), SD","Tue Jun 30 23:21:29 2015"
"140",734,0,NA,1,"Jonesboro, AR","Tue Jun 30 23:21:29 2015"
"141",736,0,5.66,2,"Bowling Green, KY","Tue Jun 30 23:21:29 2015"
"142",737,2.5,3.54,2,"Mankato, MN","Tue Jun 30 23:21:29 2015"
"143",740,0,NA,1,"North Platte, NE","Tue Jun 30 23:21:29 2015"
"144",746,2,NA,1,"Biloxi-Gulfport, MS","Tue Jun 30 23:21:29 2015"
"145",749,0,0,4,"Laredo, TX","Tue Jun 30 23:21:29 2015"
"146",751,-0.08,1.57,83,"Denver, CO","Tue Jun 30 23:21:29 2015"
"147",752,0.09,2.21,11,"Colorado Springs-Pueblo, CO","Tue Jun 30 23:21:29 2015"
"148",753,0.24,1.57,183,"Phoenix, AZ","Tue Jun 30 23:21:29 2015"
"149",755,-7.5,0.71,2,"Great Falls, MT","Tue Jun 30 23:21:29 2015"
"150",756,-3,NA,1,"Billings, MT","Tue Jun 30 23:21:29 2015"
"151",757,0.17,1.9,12,"Boise, ID","Tue Jun 30 23:21:29 2015"
"152",758,1.17,2.4,6,"Idaho Falls-Pocatello, ID","Tue Jun 30 23:21:29 2015"
"153",760,2,NA,1,"Twin Falls, ID","Tue Jun 30 23:21:29 2015"
"154",762,0,NA,1,"Missoula, MT","Tue Jun 30 23:21:29 2015"
"155",764,3,NA,1,"Rapid City, SD","Tue Jun 30 23:21:29 2015"
"156",765,-0.2,1.78,25,"El Paso, TX","Tue Jun 30 23:21:29 2015"
"157",770,0.78,2.39,63,"Salt Lake City, UT","Tue Jun 30 23:21:29 2015"
"158",771,-0.05,1.79,20,"Yuma, AZ-El Centro, CA","Tue Jun 30 23:21:29 2015"
"159",789,0,1.95,41,"Tucson (Sierra Vista), AZ","Tue Jun 30 23:21:29 2015"
"160",790,0.07,2.4,29,"Albuquerque-Santa Fe, NM","Tue Jun 30 23:21:29 2015"
"161",800,0.18,2.22,57,"Bakersfield, CA","Tue Jun 30 23:21:29 2015"
"162",801,0.93,1.86,14,"Eugene, OR","Tue Jun 30 23:21:29 2015"
"163",803,0.2,2.25,1161,"Los Angeles, CA","Tue Jun 30 23:21:29 2015"
"164",804,-0.28,1.78,18,"Palm Springs, CA","Tue Jun 30 23:21:29 2015"
"165",807,0.09,2.3,244,"San Francisco-Oakland-San Jose, CA","Tue Jun 30 23:21:29 2015"
"166",810,0.75,1.68,20,"Yakima-Pasco-Richland-Kennewick, WA","Tue Jun 30 23:21:29 2015"
"167",811,0.73,2.16,22,"Reno, NV","Tue Jun 30 23:21:29 2015"
"168",813,-0.6,2.91,10,"Medford-Klamath Falls, OR","Tue Jun 30 23:21:29 2015"
"169",819,-0.09,1.93,126,"Seattle-Tacoma, WA","Tue Jun 30 23:21:29 2015"
"170",820,0,2.27,126,"Portland, OR","Tue Jun 30 23:21:29 2015"
"171",821,3,NA,1,"Bend, OR","Tue Jun 30 23:21:29 2015"
"172",825,-0.39,2.13,102,"San Diego, CA","Tue Jun 30 23:21:29 2015"
"173",828,0.86,2.03,28,"Monterey-Salinas, CA","Tue Jun 30 23:21:29 2015"
"174",839,-0.02,2.01,62,"Las Vegas, NV","Tue Jun 30 23:21:29 2015"
"175",855,0.17,2.08,12,"Santa Barbara-Santa Maria-San Luis Obispo, CA","Tue Jun 30 23:21:29 2015"
"176",862,0.02,1.86,186,"Sacramento-Stockton-Modesto, CA","Tue Jun 30 23:21:29 2015"
"177",866,-0.04,2.54,104,"Fresno-Visalia, CA","Tue Jun 30 23:21:29 2015"
"178",868,-0.2,2.53,10,"Chico-Redding, CA","Tue Jun 30 23:21:29 2015"
"179",881,-0.3,1.7,10,"Spokane, WA","Tue Jun 30 23:21:29 2015"
"","DMA","scores","sd","count","Region","date"
"1",501,4,NA,1,"New York, NY","Wed Jul 01 17:41:52 2015"
"2",505,0,NA,1,"Detroit, MI","Wed Jul 01 17:41:52 2015"
"3",506,-0.5,0.71,2,"Boston, MA-Manchester, NH","Wed Jul 01 17:41:52 2015"
"4",510,0.5,0.71,2,"Cleveland-Akron (Canton), OH","Wed Jul 01 17:41:52 2015"
"5",511,4,NA,1,"Washington, DC (Hagerstown, MD)","Wed Jul 01 17:41:52 2015"
"6",513,0,NA,1,"Flint-Saginaw-Bay City, MI","Wed Jul 01 17:41:52 2015"
"7",521,1.5,2.12,2,"Providence, RI-New Bedford, MA","Wed Jul 01 17:41:52 2015"
"8",527,0,NA,1,"Indianapolis, IN","Wed Jul 01 17:41:52 2015"
"9",528,-4,NA,1,"Miami-Ft. Lauderdale, FL","Wed Jul 01 17:41:52 2015"
"10",534,0,NA,1,"Orlando-Daytona Beach-Melbourne, FL","Wed Jul 01 17:41:52 2015"
"11",539,0,NA,1,"Tampa-St Petersburg (Sarasota), FL","Wed Jul 01 17:41:52 2015"
"12",547,0,NA,1,"Toledo, OH","Wed Jul 01 17:41:52 2015"
"13",548,0,0,2,"West Palm Beach-Ft. Pierce, FL","Wed Jul 01 17:41:52 2015"
"14",556,0,NA,1,"Richmond-Petersburg, VA","Wed Jul 01 17:41:52 2015"
"15",560,0,NA,1,"Raleigh-Durham (Fayetteville), NC","Wed Jul 01 17:41:52 2015"
"16",577,-4,NA,1,"Wilkes Barre-Scranton, PA","Wed Jul 01 17:41:52 2015"
"17",602,0,2.83,2,"Chicago, IL","Wed Jul 01 17:41:52 2015"
"18",609,0,NA,1,"St. Louis, MO","Wed Jul 01 17:41:52 2015"
"19",616,0,NA,1,"Kansas City, MO","Wed Jul 01 17:41:52 2015"
"20",618,0,0,2,"Houston, TX","Wed Jul 01 17:41:52 2015"
"21",623,1.8,2.49,5,"Dallas-Ft. Worth, TX","Wed Jul 01 17:41:52 2015"
"22",630,3,NA,1,"Birmingham, AL","Wed Jul 01 17:41:52 2015"
"23",635,0,0,2,"Austin, TX","Wed Jul 01 17:41:52 2015"
"24",636,0,NA,1,"Harlingen-Weslaco-Brownsville-McAllen, TX","Wed Jul 01 17:41:52 2015"
"25",649,0,NA,1,"Evansville, IN","Wed Jul 01 17:41:52 2015"
"26",659,0,NA,1,"Nashville, TN","Wed Jul 01 17:41:52 2015"
"27",698,0,NA,1,"Montgomery (Selma), AL","Wed Jul 01 17:41:52 2015"
"28",753,0,NA,1,"Phoenix, AZ","Wed Jul 01 17:41:52 2015"
"29",789,0,NA,1,"Tucson (Sierra Vista), AZ","Wed Jul 01 17:41:52 2015"
"30",790,0,NA,1,"Albuquerque-Santa Fe, NM","Wed Jul 01 17:41:52 2015"
"31",803,0.6,1.34,5,"Los Angeles, CA","Wed Jul 01 17:41:52 2015"
"32",804,0,NA,1,"Palm Springs, CA","Wed Jul 01 17:41:52 2015"
"33",807,2.5,0.71,2,"San Francisco-Oakland-San Jose, CA","Wed Jul 01 17:41:52 2015"
"34",819,1.5,2.12,2,"Seattle-Tacoma, WA","Wed Jul 01 17:41:52 2015"
"35",825,0,NA,1,"San Diego, CA","Wed Jul 01 17:41:52 2015"
"36",862,-3,NA,1,"Sacramento-Stockton-Modesto, CA","Wed Jul 01 17:41:52 2015"
"","DMA","scores","sd","count","Region","date"
"1",501,1.5,2.07,6,"New York, NY","Wed Jul 01 17:57:38 2015"
"2",504,0,NA,1,"Philadelphia, PA","Wed Jul 01 17:57:38 2015"
"3",505,3,NA,1,"Detroit, MI","Wed Jul 01 17:57:38 2015"
"4",511,-0.75,1.5,4,"Washington, DC (Hagerstown, MD)","Wed Jul 01 17:57:38 2015"
"5",512,0,NA,1,"Baltimore, MD","Wed Jul 01 17:57:38 2015"
"6",513,0,0,2,"Flint-Saginaw-Bay City, MI","Wed Jul 01 17:57:38 2015"
"7",515,0,NA,1,"Cincinnati, OH","Wed Jul 01 17:57:38 2015"
"8",517,-3,NA,1,"Charlotte, NC","Wed Jul 01 17:57:38 2015"
"9",519,2,NA,1,"Charleston, SC","Wed Jul 01 17:57:38 2015"
"10",527,0,NA,1,"Indianapolis, IN","Wed Jul 01 17:57:38 2015"
"11",528,0,0,2,"Miami-Ft. Lauderdale, FL","Wed Jul 01 17:57:38 2015"
"12",530,-2,NA,1,"Tallahassee, FL-Thomasville, GA","Wed Jul 01 17:57:38 2015"
"13",533,0,NA,1,"Hartford & New Haven, CT","Wed Jul 01 17:57:38 2015"
"14",534,-6,NA,1,"Orlando-Daytona Beach-Melbourne, FL","Wed Jul 01 17:57:38 2015"
"15",544,0,NA,1,"Norfolk-Portsmouth-Newport News,VA","Wed Jul 01 17:57:38 2015"
"16",555,0,NA,1,"Syracuse, NY","Wed Jul 01 17:57:38 2015"
"17",560,-4,1.41,2,"Raleigh-Durham (Fayetteville), NC","Wed Jul 01 17:57:38 2015"
"18",567,0,0,2,"Greenville-Spartanburg, SC-Asheville, NC-Anderson, SC","Wed Jul 01 17:57:38 2015"
"19",570,0,NA,1,"Florence-Myrtle Beach, SC","Wed Jul 01 17:57:38 2015"
"20",575,4,NA,1,"Chattanooga, TN","Wed Jul 01 17:57:38 2015"
"21",617,0,NA,1,"Milwaukee, WI","Wed Jul 01 17:57:38 2015"
"22",618,0.25,0.5,4,"Houston, TX","Wed Jul 01 17:57:38 2015"
"23",622,0,NA,1,"New Orleans, LA","Wed Jul 01 17:57:38 2015"
"24",623,1,1.41,2,"Dallas-Ft. Worth, TX","Wed Jul 01 17:57:38 2015"
"25",625,-4,NA,1,"Waco-Temple-Bryan, TX","Wed Jul 01 17:57:38 2015"
"26",642,-2,NA,1,"Lafayette, LA","Wed Jul 01 17:57:38 2015"
"27",650,-2,2.83,2,"Oklahoma City, OK","Wed Jul 01 17:57:38 2015"
"28",659,-2,NA,1,"Nashville, TN","Wed Jul 01 17:57:38 2015"
"29",678,-2,NA,1,"Wichita-Hutchinson, KS","Wed Jul 01 17:57:38 2015"
"30",679,2,NA,1,"Des Moines-Ames, IA","Wed Jul 01 17:57:38 2015"
"31",693,0,NA,1,"Little Rock-Pine Bluff, AR","Wed Jul 01 17:57:38 2015"
"32",709,2,NA,1,"Tyler-Longview(Lufkin & Nacogdoches), TX","Wed Jul 01 17:57:38 2015"
"33",753,2,NA,1,"Phoenix, AZ","Wed Jul 01 17:57:38 2015"
"34",770,2,NA,1,"Salt Lake City, UT","Wed Jul 01 17:57:38 2015"
"35",771,-3,NA,1,"Yuma, AZ-El Centro, CA","Wed Jul 01 17:57:38 2015"
"36",803,-0.5,1.73,4,"Los Angeles, CA","Wed Jul 01 17:57:38 2015"
"37",807,0,0,2,"San Francisco-Oakland-San Jose, CA","Wed Jul 01 17:57:38 2015"
"38",819,2,NA,1,"Seattle-Tacoma, WA","Wed Jul 01 17:57:38 2015"
"39",825,0,NA,1,"San Diego, CA","Wed Jul 01 17:57:38 2015"
"40",828,0,NA,1,"Monterey-Salinas, CA","Wed Jul 01 17:57:38 2015"
"41",839,0,NA,1,"Las Vegas, NV","Wed Jul 01 17:57:38 2015"
"42",862,0,0,3,"Sacramento-Stockton-Modesto, CA","Wed Jul 01 17:57:38 2015"
"43",866,0,NA,1,"Fresno-Visalia, CA","Wed Jul 01 17:57:38 2015"
"","DMA","scores","sd","count","Region","date"
"1",501,0,0,2,"New York, NY","Wed Jul 01 18:20:49 2015"
"2",504,-1.67,0.58,3,"Philadelphia, PA","Wed Jul 01 18:20:49 2015"
"3",505,0,NA,1,"Detroit, MI","Wed Jul 01 18:20:49 2015"
"4",506,1,1.41,2,"Boston, MA-Manchester, NH","Wed Jul 01 18:20:49 2015"
"5",508,0,NA,1,"Pittsburgh, PA","Wed Jul 01 18:20:49 2015"
"6",510,-2.25,4.5,4,"Cleveland-Akron (Canton), OH","Wed Jul 01 18:20:49 2015"
"7",512,-3,NA,1,"Baltimore, MD","Wed Jul 01 18:20:49 2015"
"8",517,0,0,2,"Charlotte, NC","Wed Jul 01 18:20:49 2015"
"9",524,-2,7.07,2,"Atlanta, GA","Wed Jul 01 18:20:49 2015"
"10",527,0,NA,1,"Indianapolis, IN","Wed Jul 01 18:20:49 2015"
"11",528,3,NA,1,"Miami-Ft. Lauderdale, FL","Wed Jul 01 18:20:49 2015"
"12",535,2,NA,1,"Columbus, OH","Wed Jul 01 18:20:49 2015"
"13",539,-2,NA,1,"Tampa-St Petersburg (Sarasota), FL","Wed Jul 01 18:20:49 2015"
"14",543,0,0,2,"Springfield-Holyoke, MA","Wed Jul 01 18:20:49 2015"
"15",544,-2,NA,1,"Norfolk-Portsmouth-Newport News,VA","Wed Jul 01 18:20:49 2015"
"16",548,-1,NA,1,"West Palm Beach-Ft. Pierce, FL","Wed Jul 01 18:20:49 2015"
"17",557,2,NA,1,"Knoxville, TN","Wed Jul 01 18:20:49 2015"
"18",560,2,2.83,2,"Raleigh-Durham (Fayetteville), NC","Wed Jul 01 18:20:49 2015"
"19",566,0,NA,1,"Harrisburg-Lancaster-Lebanon-York, PA","Wed Jul 01 18:20:49 2015"
"20",602,-1.75,3.5,4,"Chicago, IL","Wed Jul 01 18:20:49 2015"
"21",609,5,NA,1,"St. Louis, MO","Wed Jul 01 18:20:49 2015"
"22",616,-3,NA,1,"Kansas City, MO","Wed Jul 01 18:20:49 2015"
"23",618,-2,NA,1,"Houston, TX","Wed Jul 01 18:20:49 2015"
"24",623,0,0,2,"Dallas-Ft. Worth, TX","Wed Jul 01 18:20:49 2015"
"25",627,3,NA,1,"Wichita Falls, TX & Lawton, OK","Wed Jul 01 18:20:49 2015"
"26",630,0,NA,1,"Birmingham, AL","Wed Jul 01 18:20:49 2015"
"27",650,0,NA,1,"Oklahoma City, OK","Wed Jul 01 18:20:49 2015"
"28",753,1,NA,1,"Phoenix, AZ","Wed Jul 01 18:20:49 2015"
"29",770,1.5,2.12,2,"Salt Lake City, UT","Wed Jul 01 18:20:49 2015"
"30",800,0,NA,1,"Bakersfield, CA","Wed Jul 01 18:20:49 2015"
"31",803,0.6,4.34,5,"Los Angeles, CA","Wed Jul 01 18:20:49 2015"
"32",807,0,NA,1,"San Francisco-Oakland-San Jose, CA","Wed Jul 01 18:20:49 2015"
"33",819,-4,NA,1,"Seattle-Tacoma, WA","Wed Jul 01 18:20:49 2015"
"34",825,0,NA,1,"San Diego, CA","Wed Jul 01 18:20:49 2015"
"35",839,-1,1.73,3,"Las Vegas, NV","Wed Jul 01 18:20:49 2015"
"36",862,-0.67,1.15,3,"Sacramento-Stockton-Modesto, CA","Wed Jul 01 18:20:49 2015"
"","DMA","scores","sd","count","Region","date"
"1",535,-3,NA,1,"Columbus, OH","Wed Jul 01 18:33:52 2015"
"","DMA","scores","sd","count","Region","date"
"1",501,1,2,4,"New York, NY","Wed Jul 01 18:35:57 2015"
"2",503,0,NA,1,"Macon, GA","Wed Jul 01 18:35:57 2015"
"3",504,-0.33,2.52,3,"Philadelphia, PA","Wed Jul 01 18:35:57 2015"
"4",505,0,NA,1,"Detroit, MI","Wed Jul 01 18:35:57 2015"
"5",511,2,NA,1,"Washington, DC (Hagerstown, MD)","Wed Jul 01 18:35:57 2015"
"6",514,-1,NA,1,"Buffalo, NY","Wed Jul 01 18:35:57 2015"
"7",517,1,2.65,3,"Charlotte, NC","Wed Jul 01 18:35:57 2015"
"8",518,0,NA,1,"Greensboro-High Point-Winston Salem, NC","Wed Jul 01 18:35:57 2015"
"9",522,-3,NA,1,"Columbus, GA","Wed Jul 01 18:35:57 2015"
"10",529,3,NA,1,"Louisville, KY","Wed Jul 01 18:35:57 2015"
"11",533,0,0,2,"Hartford & New Haven, CT","Wed Jul 01 18:35:57 2015"
"12",544,3,NA,1,"Norfolk-Portsmouth-Newport News,VA","Wed Jul 01 18:35:57 2015"
"13",545,-1,NA,1,"Greenville-New Bern-Washington, NC","Wed Jul 01 18:35:57 2015"
"14",557,2,NA,1,"Knoxville, TN","Wed Jul 01 18:35:57 2015"
"15",600,0,NA,1,"Corpus Christi, TX","Wed Jul 01 18:35:57 2015"
"16",602,0,NA,1,"Chicago, IL","Wed Jul 01 18:35:57 2015"
"17",609,3,NA,1,"St. Louis, MO","Wed Jul 01 18:35:57 2015"
"18",616,-2,NA,1,"Kansas City, MO","Wed Jul 01 18:35:57 2015"
"19",622,0,NA,1,"New Orleans, LA","Wed Jul 01 18:35:57 2015"
"20",635,6,NA,1,"Austin, TX","Wed Jul 01 18:35:57 2015"
"21",636,0,NA,1,"Harlingen-Weslaco-Brownsville-McAllen, TX","Wed Jul 01 18:35:57 2015"
"22",643,0,NA,1,"Lake Charles, LA","Wed Jul 01 18:35:57 2015"
"23",650,3,NA,1,"Oklahoma City, OK","Wed Jul 01 18:35:57 2015"
"24",679,0,NA,1,"Des Moines-Ames, IA","Wed Jul 01 18:35:57 2015"
"25",686,0,NA,1,"Mobile, AL-Pensacola (Ft. Walton Beach), FL","Wed Jul 01 18:35:57 2015"
"26",718,0,NA,1,"Jackson, MS","Wed Jul 01 18:35:57 2015"
"27",724,0,NA,1,"Fargo-Valley City, ND","Wed Jul 01 18:35:57 2015"
"28",751,2,NA,1,"Denver, CO","Wed Jul 01 18:35:57 2015"
"29",759,0,NA,1,"Cheyenne, WY-Scottsbluff, NE","Wed Jul 01 18:35:57 2015"
"30",771,-1,NA,1,"Yuma, AZ-El Centro, CA","Wed Jul 01 18:35:57 2015"
"31",803,0.78,2.68,9,"Los Angeles, CA","Wed Jul 01 18:35:57 2015"
"32",807,0,NA,1,"San Francisco-Oakland-San Jose, CA","Wed Jul 01 18:35:57 2015"
"33",819,0,0,2,"Seattle-Tacoma, WA","Wed Jul 01 18:35:57 2015"
"34",839,6,NA,1,"Las Vegas, NV","Wed Jul 01 18:35:57 2015"
"35",862,-3,NA,1,"Sacramento-Stockton-Modesto, CA","Wed Jul 01 18:35:57 2015"
"","DMA","scores","sd","count","Region","date"
"1",804,2,NA,1,"Palm Springs, CA","Wed Jul 01 18:37:01 2015"
"","DMA","scores","sd","count","Region","date"
"1",500,0,NA,1,"Portland-Auburn, ME","Wed Jul 01 18:46:49 2015"
"2",501,0.31,1.55,35,"New York, NY","Wed Jul 01 18:46:49 2015"
"3",503,-1,7.07,2,"Macon, GA","Wed Jul 01 18:46:49 2015"
"4",504,0.75,2.32,16,"Philadelphia, PA","Wed Jul 01 18:46:49 2015"
"5",505,0.29,2.3,14,"Detroit, MI","Wed Jul 01 18:46:49 2015"
"6",506,1.25,2.31,8,"Boston, MA-Manchester, NH","Wed Jul 01 18:46:49 2015"
"7",507,0,NA,1,"Savannah, GA","Wed Jul 01 18:46:49 2015"
"8",509,1.5,2.12,2,"Ft. Wayne, IN","Wed Jul 01 18:46:49 2015"
"9",510,0.33,1.74,21,"Cleveland-Akron (Canton), OH","Wed Jul 01 18:46:49 2015"
"10",511,0.5,1.17,12,"Washington, DC (Hagerstown, MD)","Wed Jul 01 18:46:49 2015"
"11",512,-0.83,2.04,6,"Baltimore, MD","Wed Jul 01 18:46:49 2015"
"12",514,2,2.83,2,"Buffalo, NY","Wed Jul 01 18:46:49 2015"
"13",515,-0.67,1.15,3,"Cincinnati, OH","Wed Jul 01 18:46:49 2015"
"14",517,0.14,0.38,7,"Charlotte, NC","Wed Jul 01 18:46:49 2015"
"15",518,0.67,1.15,3,"Greensboro-High Point-Winston Salem, NC","Wed Jul 01 18:46:49 2015"
"16",519,-3.67,4.04,3,"Charleston, SC","Wed Jul 01 18:46:49 2015"
"17",521,2,NA,1,"Providence, RI-New Bedford, MA","Wed Jul 01 18:46:49 2015"
"18",524,0.12,0.83,8,"Atlanta, GA","Wed Jul 01 18:46:49 2015"
"19",527,1.17,2.4,6,"Indianapolis, IN","Wed Jul 01 18:46:49 2015"
"20",528,0.1,0.74,10,"Miami-Ft. Lauderdale, FL","Wed Jul 01 18:46:49 2015"
"21",529,2,2.83,2,"Louisville, KY","Wed Jul 01 18:46:49 2015"
"22",531,0,NA,1,"Tri-Cities, TN-VA","Wed Jul 01 18:46:49 2015"
"23",532,0,NA,1,"Albany-Schenectady-Troy, NY","Wed Jul 01 18:46:49 2015"
"24",533,0.33,0.58,3,"Hartford & New Haven, CT","Wed Jul 01 18:46:49 2015"
"25",534,0.25,0.71,8,"Orlando-Daytona Beach-Melbourne, FL","Wed Jul 01 18:46:49 2015"
"26",535,1.5,1.69,8,"Columbus, OH","Wed Jul 01 18:46:49 2015"
"27",536,0,NA,1,"Youngstown, OH","Wed Jul 01 18:46:49 2015"
"28",538,-4,NA,1,"Rochester, NY","Wed Jul 01 18:46:49 2015"
"29",539,-0.5,2.89,4,"Tampa-St Petersburg (Sarasota), FL","Wed Jul 01 18:46:49 2015"
"30",541,0.33,0.58,3,"Lexington, KY","Wed Jul 01 18:46:49 2015"
"31",542,2,2.83,2,"Dayton, OH","Wed Jul 01 18:46:49 2015"
"32",543,5.5,3.54,2,"Springfield-Holyoke, MA","Wed Jul 01 18:46:49 2015"
"33",544,0,0,3,"Norfolk-Portsmouth-Newport News,VA","Wed Jul 01 18:46:49 2015"
"34",548,-2,NA,1,"West Palm Beach-Ft. Pierce, FL","Wed Jul 01 18:46:49 2015"
"35",551,0.33,0.58,3,"Lansing, MI","Wed Jul 01 18:46:49 2015"
"36",555,0,0,6,"Syracuse, NY","Wed Jul 01 18:46:49 2015"
"37",556,0,NA,1,"Richmond-Petersburg, VA","Wed Jul 01 18:46:49 2015"
"38",557,-1.25,1.5,4,"Knoxville, TN","Wed Jul 01 18:46:49 2015"
"39",558,0,NA,1,"Lima, OH","Wed Jul 01 18:46:49 2015"
"40",560,-0.09,2.59,11,"Raleigh-Durham (Fayetteville), NC","Wed Jul 01 18:46:49 2015"
"41",561,0,NA,1,"Jacksonville, FL","Wed Jul 01 18:46:49 2015"
"42",563,0,NA,1,"Grand Rapids-Kalamazoo-Battle Creek, MI","Wed Jul 01 18:46:49 2015"
"43",564,0,NA,1,"Charleston-Huntington, WV","Wed Jul 01 18:46:49 2015"
"44",567,0,0,4,"Greenville-Spartanburg, SC-Asheville, NC-Anderson, SC","Wed Jul 01 18:46:49 2015"
"45",569,0,NA,1,"Harrisonburg, VA","Wed Jul 01 18:46:49 2015"
"46",570,0,NA,1,"Florence-Myrtle Beach, SC","Wed Jul 01 18:46:49 2015"
"47",571,-3,NA,1,"Ft. Myers-Naples, FL","Wed Jul 01 18:46:49 2015"
"48",573,3.33,3.06,3,"Roanoke-Lynchburg, VA","Wed Jul 01 18:46:49 2015"
"49",577,0,NA,1,"Wilkes Barre-Scranton, PA","Wed Jul 01 18:46:49 2015"
"50",581,-1,NA,1,"Terre Haute, IN","Wed Jul 01 18:46:49 2015"
"51",588,1.33,2.31,3,"South Bend-Elkhart, IN","Wed Jul 01 18:46:49 2015"
"52",592,0,0,2,"Gainesville, FL","Wed Jul 01 18:46:49 2015"
"53",600,1,1.41,2,"Corpus Christi, TX","Wed Jul 01 18:46:49 2015"
"54",602,0.54,2.66,28,"Chicago, IL","Wed Jul 01 18:46:49 2015"
"55",606,0,NA,1,"Dothan, AL","Wed Jul 01 18:46:49 2015"
"56",609,-2.5,3.54,2,"St. Louis, MO","Wed Jul 01 18:46:49 2015"
"57",612,0,NA,1,"Shreveport, LA","Wed Jul 01 18:46:49 2015"
"58",613,0.67,1.15,3,"Minneapolis-St. Paul, MN","Wed Jul 01 18:46:49 2015"
"59",616,0.86,2.34,7,"Kansas City, MO","Wed Jul 01 18:46:49 2015"
"60",617,-0.14,1.46,7,"Milwaukee, WI","Wed Jul 01 18:46:49 2015"
"61",618,0.08,1.29,25,"Houston, TX","Wed Jul 01 18:46:49 2015"
"62",619,0,NA,1,"Springfield, MO","Wed Jul 01 18:46:49 2015"
"63",622,0,3.79,6,"New Orleans, LA","Wed Jul 01 18:46:49 2015"
"64",623,0,2.11,27,"Dallas-Ft. Worth, TX","Wed Jul 01 18:46:49 2015"
"65",627,0,NA,1,"Wichita Falls, TX & Lawton, OK","Wed Jul 01 18:46:49 2015"
"66",628,0,NA,1,"Monroe, LA-El Dorado, AR","Wed Jul 01 18:46:49 2015"
"67",630,1,1.41,2,"Birmingham, AL","Wed Jul 01 18:46:49 2015"
"68",634,0,NA,1,"Amarillo, TX","Wed Jul 01 18:46:49 2015"
"69",635,0.56,1.33,9,"Austin, TX","Wed Jul 01 18:46:49 2015"
"70",636,0.5,0.71,2,"Harlingen-Weslaco-Brownsville-McAllen, TX","Wed Jul 01 18:46:49 2015"
"71",640,-2,4.69,4,"Memphis, TN","Wed Jul 01 18:46:49 2015"
"72",641,-0.9,3.7,10,"San Antonio, TX","Wed Jul 01 18:46:49 2015"
"73",642,0,1.63,4,"Lafayette, LA","Wed Jul 01 18:46:49 2015"
"74",643,2,NA,1,"Lake Charles, LA","Wed Jul 01 18:46:49 2015"
"75",648,0,0,2,"Champaign & Springfield-Decatur,IL","Wed Jul 01 18:46:49 2015"
"76",649,1,NA,1,"Evansville, IN","Wed Jul 01 18:46:49 2015"
"77",650,-1,1.41,7,"Oklahoma City, OK","Wed Jul 01 18:46:49 2015"
"78",651,0,NA,1,"Lubbock, TX","Wed Jul 01 18:46:49 2015"
"79",652,2,NA,1,"Omaha, NE","Wed Jul 01 18:46:49 2015"
"80",656,0,2.65,3,"Panama City, FL","Wed Jul 01 18:46:49 2015"
"81",658,9,NA,1,"Green Bay-Appleton, WI","Wed Jul 01 18:46:49 2015"
"82",659,1,1.22,5,"Nashville, TN","Wed Jul 01 18:46:49 2015"
"83",662,0,NA,1,"Abilene-Sweetwater, TX","Wed Jul 01 18:46:49 2015"
"84",670,1.33,2.31,3,"Ft. Smith-Fayetteville-Springdale-Rogers, AR","Wed Jul 01 18:46:49 2015"
"85",671,-1,NA,1,"Tulsa, OK","Wed Jul 01 18:46:49 2015"
"86",673,0,NA,1,"Columbus-Tupelo-West Point, MS","Wed Jul 01 18:46:49 2015"
"87",678,0,0,2,"Wichita-Hutchinson, KS","Wed Jul 01 18:46:49 2015"
"88",679,1,1.41,2,"Des Moines-Ames, IA","Wed Jul 01 18:46:49 2015"
"89",686,1.2,1.79,5,"Mobile, AL-Pensacola (Ft. Walton Beach), FL","Wed Jul 01 18:46:49 2015"
"90",691,1.5,2.12,2,"Huntsville-Decatur (Florence), AL","Wed Jul 01 18:46:49 2015"
"91",692,0,0,2,"Beaumont-Port Arthur, TX","Wed Jul 01 18:46:49 2015"
"92",698,0,NA,1,"Montgomery (Selma), AL","Wed Jul 01 18:46:49 2015"
"93",716,0,0,3,"Baton Rouge, LA","Wed Jul 01 18:46:49 2015"
"94",718,5,NA,1,"Jackson, MS","Wed Jul 01 18:46:49 2015"
"95",722,-3,NA,1,"Lincoln & Hastings-Kearney, NE","Wed Jul 01 18:46:49 2015"
"96",724,0,NA,1,"Fargo-Valley City, ND","Wed Jul 01 18:46:49 2015"
"97",725,-1.5,2.12,2,"Sioux Falls(Mitchell), SD","Wed Jul 01 18:46:49 2015"
"98",751,-0.5,2.52,4,"Denver, CO","Wed Jul 01 18:46:49 2015"
"99",753,0.22,1.09,9,"Phoenix, AZ","Wed Jul 01 18:46:49 2015"
"100",762,2,NA,1,"Missoula, MT","Wed Jul 01 18:46:49 2015"
"101",770,1,1.73,3,"Salt Lake City, UT","Wed Jul 01 18:46:49 2015"
"102",789,0,NA,1,"Tucson (Sierra Vista), AZ","Wed Jul 01 18:46:49 2015"
"103",790,0,0,2,"Albuquerque-Santa Fe, NM","Wed Jul 01 18:46:49 2015"
"104",800,0,0,2,"Bakersfield, CA","Wed Jul 01 18:46:49 2015"
"105",803,-0.05,1.76,55,"Los Angeles, CA","Wed Jul 01 18:46:49 2015"
"106",804,0,NA,1,"Palm Springs, CA","Wed Jul 01 18:46:49 2015"
"107",807,0.62,1.4,21,"San Francisco-Oakland-San Jose, CA","Wed Jul 01 18:46:49 2015"
"108",810,-2,NA,1,"Yakima-Pasco-Richland-Kennewick, WA","Wed Jul 01 18:46:49 2015"
"109",811,0,NA,1,"Reno, NV","Wed Jul 01 18:46:49 2015"
"110",819,0,2.28,6,"Seattle-Tacoma, WA","Wed Jul 01 18:46:49 2015"
"111",820,0,0,5,"Portland, OR","Wed Jul 01 18:46:49 2015"
"112",825,0.71,1.25,7,"San Diego, CA","Wed Jul 01 18:46:49 2015"
"113",828,0,NA,1,"Monterey-Salinas, CA","Wed Jul 01 18:46:49 2015"
"114",839,-0.22,2.39,9,"Las Vegas, NV","Wed Jul 01 18:46:49 2015"
"115",862,0.11,3.76,9,"Sacramento-Stockton-Modesto, CA","Wed Jul 01 18:46:49 2015"
"116",866,0,0,2,"Fresno-Visalia, CA","Wed Jul 01 18:46:49 2015"
